id;name;content;img_path;created_by;created_date;last_modified_by;last_modified_date;user_id
18c610c7-736c-45f3-b871-7d01b3b89826;system microchip AGP;PCI;Nevada invoice Egypt;Pants;2023-04-07T13:59:45;RSS Sports Factors;2023-04-08T05:00:46;85116
78123b13-630e-4aa0-9d1c-7ecd9edf0d54;grow matrix Implementation;Small capacitor;payment Shoes Dinar;Sleek;2023-04-07T11:51:30;yellow Berkshire web-enabled;2023-04-07T16:07:48;713
1314ce77-c046-4d1a-93c5-b1c0692a608d;Clothing Crossing time-frame;transmit visionary;solutions e-markets Handmade;Rustic;2023-04-07T15:43:21;knowledge Garden;2023-04-07T21:19:09;23613
9c500951-99b7-4478-939d-969a026dd15a;Ergonomic;frictionless;Automotive Ergonomic;syndicate Director Planner;2023-04-07T13:01:45;intangible Awesome black;2023-04-08T07:57:57;12004
64f5b934-8c58-4195-861e-89913a1d1366;invoice Identity Face;bandwidth system;Up-sized;olive transmit;2023-04-07T17:16:30;exuding mindshare methodologies;2023-04-07T12:34:48;31956
059ff1f9-f6d9-4a7a-9e37-5ce7507b647c;XSS;ADP index Tasty;Common Roads;productize Cambridgeshire;2023-04-07T19:42:13;withdrawal Central;2023-04-07T12:37:17;60256
17736327-8887-47d4-8114-1c0263764c0d;Wooden Seamless compelling;Gorgeous Small Borders;compressing Customizable Frozen;Berkshire Shoes white;2023-04-08T03:32:57;mesh Somalia Integration;2023-04-08T01:38:51;95264
85db8f79-58b5-4d58-b7a3-88ba0bd26dbd;Rustic Granite ROI;online;Customer Loan;auxiliary Poland Automated;2023-04-07T11:47:17;incremental;2023-04-08T00:03:48;91082
b3b90ae1-840f-409c-b1cb-7b752b8f8ae7;Stand-alone;dot-com Senior;Rustic synthesize;Frozen;2023-04-07T18:42:40;Director ROI withdrawal;2023-04-07T19:42:01;18840
04182a43-93ce-4c49-8739-c098f6ed03e5;Phased;Direct Balanced Intelligent;up Minnesota wireless;Seamless Maine;2023-04-08T06:45:26;International Buckinghamshire compressing;2023-04-07T20:13:34;46852
