id;content;created_by;created_date;last_modified_by;last_modified_date;user_id
da819320-75e3-4bbe-9e0d-da146acb3de8;Delaware South;Cuban Metrics;2023-04-07T22:46:00;virtual;2023-04-07T18:58:43;82662
b7925bad-7bc7-464d-963b-4552105bdfcf;Unbranded Springs deposit;Senior Creek;2023-04-07T19:56:58;driver Intelligent;2023-04-07T13:53:50;44757
b9239f2d-5723-4b12-99a6-faf8e549fdc1;back-end intermediate Borders;Pants circuit;2023-04-08T01:46:31;firewall one-to-one;2023-04-07T18:48:27;87482
168dbaa1-d10a-4abb-b39e-22b3307f17c9;Rubber generate;invoice Home Ameliorated;2023-04-07T23:12:14;Planner;2023-04-08T00:15:39;29773
c3c14961-7460-4d2e-910c-7913580f7bf3;disintermediate;Mexican Clothing Kip;2023-04-08T06:20:55;Health Orchard;2023-04-08T11:35:20;88817
9e2c32ec-e853-4b64-83f1-29e85ae93fa2;Concrete Cambridgeshire parsing;Automotive green Gloves;2023-04-08T07:02:06;Brunei Re-engineered;2023-04-08T04:36:15;26551
899a8c3c-1bf0-40e7-9f5f-04a96522ddc9;Fields;Pants;2023-04-08T03:45:50;Ergonomic;2023-04-08T03:52:37;22652
b8801e2f-8a38-43b0-8fa5-988b006809a6;grid-enabled Garden;mission-critical;2023-04-07T12:57:51;silver Direct Bolivar;2023-04-08T10:29:10;88533
6f8b5046-a316-45a5-8b8e-9e4c9dfb1d5f;protocol Guilder;connecting Intelligent Cambridgeshire;2023-04-08T03:39:14;Plastic monetize Benin;2023-04-07T18:20:17;74555
21adb12e-d670-494c-a056-46c3d677a6c7;Tasty Berkshire;mesh dedicated Illinois;2023-04-08T04:51:59;ADP 5th;2023-04-07T12:00:00;75240
