id;name;description;created_by;created_date;last_modified_by;last_modified_date
4e2a8556-1f2e-4f11-bbde-02ccce313774;leverage non-volatile generate;e-services payment user-facing;generation Consultant;2023-04-08T05:11:37;Steel;2023-04-07T23:56:49
2d862aab-4dae-4f0f-806e-612d5a2bf39e;ivory Toys parsing;navigate Legacy utilize;Consultant;2023-04-07T19:28:52;Directives programming Home;2023-04-07T23:23:01
635e02bd-85c6-41c8-a8f4-1482f5100bbe;withdrawal;architect Bedfordshire Savings;interfaces Hat ROI;2023-04-07T22:10:25;programming Open-architected;2023-04-07T13:02:53
1c098720-35f0-4198-85b8-0ff87ae58d03;sky capacity Fall;metrics Agent;Granite;2023-04-07T13:10:38;Viaduct Table synthesizing;2023-04-08T04:50:31
d9e9ffec-bda4-48e5-94c0-bc257138cbd2;calculating Louisiana;panel;facilitate SMS fault-tolerant;2023-04-08T01:49:29;Argentina;2023-04-07T18:52:53
f654de7a-4506-4b97-ab10-a2b0bdfa5d69;firewall approach;Steel Loan;Fish Borders;2023-04-08T00:21:28;redundant Rubber Zimbabwe;2023-04-08T00:45:13
7cea89ca-2625-40cc-8c3c-006b01100d24;Group Metal policy;Dinar withdrawal;Personal salmon Plastic;2023-04-08T04:46:23;New Swiss;2023-04-07T20:09:26
6875d1cb-ed06-4611-8d00-bca1c5c620fb;Loan;Automated Loan Namibia;lime Course;2023-04-07T21:18:42;withdrawal Agent green;2023-04-08T00:03:12
44edc02d-1f60-40c2-90ef-2d81b198bfec;Berkshire Manager Mills;Prairie;Nevis Car;2023-04-07T13:53:05;Intelligent help-desk Ohio;2023-04-08T10:44:53
1331f8f1-549e-4d8f-b4e8-99b451cdf010;Investor value-added Tools;Ferry;state;2023-04-07T14:50:22;synergistic El Rubber;2023-04-08T04:51:02
