id;title;content;rating;created_by;created_date;last_modified_by;last_modified_date;user_id
da6b3ef9-8585-4b6a-b9b0-abac467998a8;Niger Buckinghamshire;Bacon Dakota Kyrgyz;3673;Sleek;2023-04-08T09:30:16;array Card Handcrafted;2023-04-08T01:50:53;7140
74e45ffa-00f6-4a88-a871-c9b916817828;Dynamic deposit;Investment Verde;31689;parse Extended Outdoors;2023-04-07T14:08:44;Creative SDD;2023-04-08T05:18:00;21364
91867f14-d4c3-426c-85f7-948159d88930;drive;protocol moderator Rapids;88532;Canyon Branding;2023-04-08T09:38:12;Carolina;2023-04-07T17:42:27;72023
b86c8b78-27c0-42f2-bdc1-aa98d1d1ef7d;connecting Cheese Berkshire;calculate;44600;Bacon e-services microchip;2023-04-07T14:44:27;port Bahamian;2023-04-07T21:18:46;88459
ead858f0-2205-49c0-a6a3-ebc41ff84159;networks;indexing synergies granular;80731;blue;2023-04-07T17:09:19;Manat gold markets;2023-04-07T20:06:41;11168
c7c45dc0-2bbb-4bc3-ae9c-0a20ae09ff38;innovative;Shoes sticky;55729;moderator Account;2023-04-08T07:27:06;concept enhance reboot;2023-04-07T15:53:12;47186
2bb9a8fe-d5d0-426e-8524-5f2760091d1f;Interactions Facilitator Program;Solutions South Research;23657;Corporate extend SDD;2023-04-07T20:43:17;Corporate;2023-04-07T20:41:26;78255
88a07804-685e-4304-95c8-84534d1ce081;Car;deposit Shoes architecture;30467;HDD Chief;2023-04-07T14:34:13;generating XSS;2023-04-07T16:19:46;12108
70105a51-6a8a-4496-93f7-2f58c7efb328;Alabama;Mountains;69961;Greens pixel Connecticut;2023-04-07T19:15:20;interactive Program;2023-04-08T11:08:44;82419
4a57d579-34d1-44a8-bc78-9e172659e71f;haptic supply-chains;Supervisor Personal;38749;invoice Vista;2023-04-07T14:09:03;lavender GB;2023-04-07T22:22:59;98139
